{"start_point": [296.2668991088867, 212.4791145324707], "end_point": [288.7350082397461, 166.16934299468994]}