{"start_point": [257.8277587890625, 253.7660312652588], "end_point": [272.52811431884766, 258.2056140899658]}