{"start_point": [304.39666748046875, 280.93873023986816], "end_point": [304.8111915588379, 250.5072832107544]}
