{"start_point": [303.22011947631836, 281.5165615081787], "end_point": [304.8111915588379, 250.5072832107544]}