{"start_point": [257.7186965942383, 198.56350898742676], "end_point": [210.3247356414795, 184.57723140716553]}