{"start_point": [361.97123527526855, 309.9069309234619], "end_point": [349.8655128479004, 313.71803283691406]}