{"start_point": [148.9954662322998, 150.00015258789062], "end_point": [165.99777221679688, 149.8218536376953]}