{"start_point": [323.24066162109375, 190.59640884399414], "end_point": [304.9277400970459, 250.38371562957764]}
