{"start_point": [257.8192901611328, 253.78582000732422], "end_point": [272.5279998779297, 258.20592880249023]}