{"start_point": [178.68038177490234, 150.1398468017578], "end_point": [169.4879913330078, 108.10146570205688]}