{"start_point": [125.52499771118164, 125.52106380462646], "end_point": [136.26399993896484, 129.10296440124512]}