{"start_point": [266.55717849731445, 244.3955421447754], "end_point": [280.6431770324707, 249.6615982055664]}